Age,M,S
3,-0.061331402,0.080526237
3.25,-0.0586948,0.077631527
3.5,-0.05629471,0.074930735
3.75,-0.054136353,0.072381303
4,-0.052238231,0.069945704
4.25,-0.050617499,0.067589726
4.5,-0.049282672,0.065283288
4.75,-0.048219205,0.063005418
5,-0.047377481,0.060745687
5.25,-0.046688189,0.058496974
5.5,-0.04607661,0.05625979
5.75,-0.045465508,0.054039438
6,-0.044784354,0.051845823
6.25,-0.043971271,0.049692078
6.5,-0.042985884,0.047589678
6.75,-0.041814784,0.045544128
7,-0.040463834,0.043555518
7.25,-0.038949462,0.041618684
7.5,-0.037295078,0.039726691
7.75,-0.035524481,0.037872312
8,-0.03366171,0.03604702
8.25,-0.031724711,0.034243441
8.5,-0.029729011,0.032456688
8.75,-0.027687148,0.030682778
9,-0.025586344,0.028926881
9.25,-0.023406558,0.02719917
9.5,-0.02113614,0.025508116
9.75,-0.018767629,0.023860817
10,-0.01629574,0.022262836
10.25,-0.013722736,0.020716771
10.5,-0.011059755,0.019223017
10.75,-0.008322245,0.017780285
11,-0.005527463,0.016386321
11.25,-0.002695117,0.015039025
11.5,0.000152507,0.013735544
11.75,0.002993425,0.012473357
12,0.00580655,0.011249676
12.25,0.008571826,0.010061673
12.5,0.01126992,0.008906173
12.75,0.013883133,0.00778063
13,0.016396842,0.00668324
13.25,0.018799062,0.005612291
13.5,0.021079955,0.004566151
13.75,0.023232615,0.003543593
14,0.025252761,0.00254365
14.25,0.027138565,0.001565448
14.5,0.028889452,0.000607958
14.75,0.030506261,-0.000329721
15,0.031991009,-0.00124848
15.25,0.033346812,-0.002149073
15.5,0.034577516,-0.003032036
15.75,0.035687564,-0.003897727
16,0.036681939,-0.004746278
16.25,0.037566018,-0.005577625
16.5,0.038345273,-0.006391723
16.75,0.039025155,-0.007188664
17,0.039611046,-0.007968582
17.25,0.040108339,-0.008731663
17.5,0.040522416,-0.0094781
17.75,0.040858451,-0.010208079
18,0.041121214,-0.010921835
18.25,0.041315187,-0.011619668
18.5,0.041444392,-0.012302024
18.75,0.041512563,-0.012969396
19,0.041523375,-0.013622212
19.25,0.041480594,-0.014260787
19.5,0.041388018,-0.014885384
19.75,0.041249279,-0.015496245
20,0.041067832,-0.016093567
20.25,0.040846973,-0.016677547
20.5,0.040589982,-0.017248381
20.75,0.04029999,-0.017806264
21,0.039979943,-0.018351395
21.25,0.039632607,-0.018883953
21.5,0.039260496,-0.019404038
21.75,0.038866043,-0.019911739
22,0.038451661,-0.020407135
22.25,0.038019647,-0.020890282
22.5,0.03757198,-0.021361156
22.75,0.037110507,-0.021819688
23,0.036636994,-0.022265797
23.25,0.036153054,-0.022699429
23.5,0.035659967,-0.023120605
23.75,0.035158884,-0.023529361
24,0.034650922,-0.023925738
24.25,0.034137106,-0.024309772
24.5,0.033618194,-0.02468147
24.75,0.033094916,-0.025040809
25,0.032567993,-0.025387753
25.25,0.032038124,-0.025722253
25.5,0.03150591,-0.026044201
25.75,0.03097194,-0.026353481
26,0.030436775,-0.026649986
26.25,0.029900922,-0.026933591
26.5,0.029364778,-0.027204135
26.75,0.028828721,-0.027461456
27,0.028293127,-0.02770541
27.25,0.02775831,-0.027935854
27.5,0.027224383,-0.02815258
27.75,0.026691425,-0.028355363
28,0.026159498,-0.028543983
28.25,0.025628669,-0.028718229
28.5,0.025098954,-0.028877899
28.75,0.024570364,-0.029022808
29,0.024042924,-0.02915278
29.25,0.023516679,-0.029267656
29.5,0.022991634,-0.029367323
29.75,0.022467786,-0.0294517
30,0.021945143,-0.029520715
30.25,0.021423732,-0.029574291
30.5,0.020903543,-0.029612323
30.75,0.020384574,-0.029634695
31,0.019866836,-0.029641288
31.25,0.019350344,-0.029631988
31.5,0.018835079,-0.029606697
31.75,0.01832102,-0.02956533
32,0.017808159,-0.029507811
32.25,0.017296508,-0.029434052
32.5,0.016786103,-0.029343937
32.75,0.016276995,-0.029237351
33,0.015769248,-0.029114184
33.25,0.015262907,-0.028974329
33.5,0.014757941,-0.02881769
33.75,0.01425432,-0.028644174
34,0.01375205,-0.028453694
34.25,0.013251166,-0.028246166
34.5,0.012751779,-0.028021478
34.75,0.012254028,-0.027779521
35,0.01175805,-0.027520198
35.25,0.01126399,-0.027243418
35.5,0.010772024,-0.026949102
35.75,0.010282322,-0.026637179
36,0.009795055,-0.026307581
36.25,0.009310404,-0.025960248
36.5,0.008828527,-0.025595139
36.75,0.008349571,-0.025212224
37,0.007873685,-0.024811479
37.25,0.007401022,-0.024392889
37.5,0.006931769,-0.023956434
37.75,0.006466103,-0.023502104
38,0.006004177,-0.02302989
38.25,0.005546138,-0.022539783
38.5,0.005092181,-0.022031774
38.75,0.004642508,-0.021505862
39,0.004197303,-0.020962052
39.25,0.003756737,-0.020400368
39.5,0.003320988,-0.019820854
39.75,0.002890241,-0.019223559
40,0.002464665,-0.018608539
40.25,0.002044417,-0.017975858
40.5,0.001629632,-0.01732559
40.75,0.001220432,-0.016657815
41,0.000816928,-0.015972615
41.25,0.00041921,-0.015270087
41.5,2.73E-05,-0.014550367
41.75,-0.000358627,-0.013813603
42,-0.000738675,-0.013059946
42.25,-0.001112787,-0.012289555
42.5,-0.001480951,-0.011502605
42.75,-0.001843151,-0.010699277
43,-0.002199378,-0.009879752
43.25,-0.002549641,-0.009044224
43.5,-0.002893988,-0.008192897
43.75,-0.003232475,-0.00732597
44,-0.00356516,-0.006443637
44.25,-0.0038921,-0.005546084
44.5,-0.004213344,-0.004633501
44.75,-0.004528952,-0.003706078
45,-0.004838988,-0.002764011
45.25,-0.005143522,-0.001807502
45.5,-0.005442638,-0.000836784
45.75,-0.00573643,0.000147902
46,-0.006024997,0.00114632
46.25,-0.006308443,0.002158235
46.5,-0.006586866,0.003183381
46.75,-0.006860371,0.004221496
47,-0.007129056,0.005272321
47.25,-0.007393018,0.006335607
47.5,-0.00765236,0.007411112
47.75,-0.007907195,0.008498597
48,-0.008157648,0.009597827
48.25,-0.008403846,0.010708564
48.5,-0.008645925,0.011830572
48.75,-0.00888402,0.012963615
49,-0.00911827,0.014107461
49.25,-0.009348818,0.015261871
49.5,-0.00957581,0.016426599
49.75,-0.009799396,0.017601398
50,-0.010019727,0.018786028
50.25,-0.010236954,0.019980255
50.5,-0.010451222,0.021183826
50.75,-0.010662676,0.022396491
51,-0.01087146,0.023618005
51.25,-0.011077715,0.024848125
51.5,-0.011281555,0.026086606
51.75,-0.011483091,0.02733321
52,-0.011682432,0.028587701
52.25,-0.01187968,0.029849846
52.5,-0.012074924,0.03111941
52.75,-0.012268251,0.032396162
53,-0.012459748,0.033679874
53.25,-0.012649491,0.034970326
53.5,-0.012837537,0.036267301
53.75,-0.01302394,0.037570585
54,-0.013208761,0.038879969
54.25,-0.013392062,0.040195248
54.5,-0.013573893,0.041516215
54.75,-0.013754304,0.042842662
55,-0.01393335,0.044174387
55.25,-0.014111084,0.045511192
55.5,-0.014287556,0.046852881
55.75,-0.014462815,0.048199257
56,-0.014636918,0.04955013
56.25,-0.014809924,0.050905309
56.5,-0.014981895,0.052264604
56.75,-0.015152899,0.053627827
57,-0.01532301,0.054994794
57.25,-0.015492302,0.056365323
57.5,-0.015660839,0.057739236
57.75,-0.015828683,0.059116358
58,-0.015995898,0.060496516
58.25,-0.016162545,0.061879537
58.5,-0.016328682,0.06326524
58.75,-0.016494366,0.064653451
59,-0.016659657,0.066043998
59.25,-0.01682462,0.067436715
59.5,-0.01698932,0.068831428
59.75,-0.017153831,0.070227968
60,-0.01731823,0.071626168
60.25,-0.017482588,0.073025865
60.5,-0.017646951,0.074426892
60.75,-0.01781136,0.075829089
61,-0.017975858,0.077232297
61.25,-0.018140484,0.078636368
61.5,-0.018305268,0.080041161
61.75,-0.018470239,0.081446545
62,-0.018635432,0.082852388
62.25,-0.018800877,0.084258563
62.5,-0.018966578,0.085664945
62.75,-0.019132535,0.087071413
63,-0.019298747,0.088477845
63.25,-0.019465208,0.089884128
63.5,-0.019631899,0.091290157
63.75,-0.019798795,0.09269583
64,-0.019965877,0.09410105
64.25,-0.020133126,0.095505717
64.5,-0.020300525,0.096909732
64.75,-0.02046806,0.098312995
65,-0.020635719,0.099715411
65.25,-0.02080349,0.101116884
65.5,-0.020971356,0.102517317
65.75,-0.021139302,0.103916611
66,-0.021307311,0.105314674
66.25,-0.021475369,0.106711416
66.5,-0.021643451,0.108106747
66.75,-0.021811533,0.109500577
67,-0.021979595,0.110892819
67.25,-0.022147612,0.112283384
67.5,-0.022315553,0.113672192
67.75,-0.022483386,0.115059161
68,-0.022651077,0.116444212
68.25,-0.022818598,0.117827268
68.5,-0.022985915,0.119208245
68.75,-0.023153002,0.120587065
69,-0.023319829,0.121963649
69.25,-0.023486374,0.12333792
69.5,-0.023652621,0.1247098
69.75,-0.023818555,0.126079215
70,-0.023984162,0.127446089
70.25,-0.024149428,0.128810351
70.5,-0.024314338,0.130171928
70.75,-0.024478877,0.131530751
71,-0.024643034,0.132886752
71.25,-0.024806795,0.134239865
71.5,-0.024970152,0.135590027
71.75,-0.025133096,0.136937182
72,-0.025295621,0.138281271
72.25,-0.02545772,0.139622242
72.5,-0.025619382,0.140960047
72.75,-0.025780598,0.142294642
73,-0.025941356,0.143625983
73.25,-0.026101648,0.14495403
73.5,-0.026261463,0.146278747
73.75,-0.026420794,0.147600102
74,-0.026579634,0.148918067
74.25,-0.026737975,0.150232614
74.5,-0.026895807,0.151543718
74.75,-0.027053119,0.152851361
75,-0.027209901,0.154155521
75.25,-0.027366145,0.15545618
75.5,-0.027521847,0.156753321
75.75,-0.027677003,0.158046926
76,-0.02783161,0.159336978
76.25,-0.027985665,0.160623465
76.5,-0.028139166,0.161906378
76.75,-0.028292108,0.163185714
77,-0.028444489,0.164461469
77.25,-0.028596309,0.165733639
77.5,-0.02874757,0.167002219
77.75,-0.028898276,0.168267206
78,-0.02904843,0.169528598
78.25,-0.029198036,0.17078639
78.5,-0.029347098,0.172040582
78.75,-0.029495622,0.173291176
79,-0.029643611,0.174538172
79.25,-0.029791072,0.17578157
79.5,-0.02993801,0.177021374
79.75,-0.030084434,0.178257586
80,-0.030230349,0.179490209
80.25,-0.030375763,0.180719247
80.5,-0.030520683,0.181944707
80.75,-0.030665117,0.183166598
81,-0.030809071,0.184384927
81.25,-0.030952553,0.185599703
81.5,-0.031095568,0.186810938
81.75,-0.031238121,0.188018641
82,-0.031380217,0.189222825
82.25,-0.03152186,0.190423499
82.5,-0.031663056,0.191620676
82.75,-0.031803809,0.19281437
83,-0.031944124,0.194004593
83.25,-0.032084005,0.195191357
83.5,-0.032223458,0.196374678
83.75,-0.032362486,0.197554569
84,-0.032501094,0.198731045
84.25,-0.032639284,0.199904121
84.5,-0.032777061,0.20107381
84.75,-0.03291443,0.202240127
85,-0.033051396,0.203403085
85.25,-0.033187962,0.2045627
85.5,-0.033324132,0.205718986
85.75,-0.033459907,0.20687196
86,-0.033595289,0.208021636
86.25,-0.033730282,0.209168031
86.5,-0.033864887,0.210311159
86.75,-0.033999107,0.211451037
87,-0.034132946,0.21258768
87.25,-0.034266406,0.213721103
87.5,-0.03439949,0.214851322
87.75,-0.034532202,0.215978351
88,-0.034664545,0.217102204
88.25,-0.034796522,0.218222898
88.5,-0.034928135,0.219340446
88.75,-0.035059386,0.220454866
89,-0.035190276,0.221566172
89.25,-0.035320808,0.222674379
89.5,-0.035450981,0.223779504
89.75,-0.035580799,0.224881562
90,-0.035710262,0.22598057
90.25,-0.035839373,0.227076542
90.5,-0.035968132,0.228169494
90.75,-0.03609654,0.229259442
91,-0.0362246,0.2303464
91.25,-0.036352313,0.231430384
91.5,-0.03647968,0.23251141
91.75,-0.036606703,0.233589493
92,-0.036733383,0.234664648
92.25,-0.036859721,0.23573689
92.5,-0.03698572,0.236806235
92.75,-0.037111381,0.237872698
93,-0.037236705,0.238936294
93.25,-0.037361694,0.239997039
93.5,-0.03748635,0.241054946
93.75,-0.037610673,0.242110032
94,-0.037734667,0.24316231
94.25,-0.037858332,0.244211795
94.5,-0.037981669,0.245258502
94.75,-0.038104681,0.246302444
95,-0.038227369,0.247343636